model,thr,c,f1,rec,prec,auc
"SVM_C0.5_gscale_cw{0: 1, 1: 1}",0.28,0.6538,0.6363636363636364,0.8596491228070176,0.5051546391752577,0.8520811833505332
SVM_C0.5_gscale_cwbalanced,0.28,0.6538,0.6363636363636364,0.8596491228070176,0.5051546391752577,0.8520811833505332
"SVM_C0.5_gscale_cw{0: 1, 1: 2}",0.38,0.6667,0.6142857142857143,0.7543859649122807,0.5180722891566265,0.8577571379428965
"SVM_C0.5_gscale_cw{0: 1, 1: 3}",0.44,0.6569,0.6518518518518519,0.7719298245614035,0.5641025641025641,0.8537581699346405
"SVM_C0.5_g0.01_cw{0: 1, 1: 1}",0.42,0.6853,0.6142857142857143,0.7543859649122807,0.5180722891566265,0.8516511867905057
SVM_C0.5_g0.01_cwbalanced,0.42,0.6853,0.6142857142857143,0.7543859649122807,0.5180722891566265,0.8516511867905057
"SVM_C0.5_g0.01_cw{0: 1, 1: 2}",0.49,0.6719,0.6165413533834586,0.7192982456140351,0.5394736842105263,0.8624441004471964
"SVM_C0.5_g0.01_cw{0: 1, 1: 3}",0.43,0.6571,0.6099290780141844,0.7543859649122807,0.5119047619047619,0.8605951152390782
"SVM_C0.5_g0.03_cw{0: 1, 1: 1}",0.405,0.6619,0.6074074074074074,0.7192982456140351,0.5256410256410257,0.8577571379428965
SVM_C0.5_g0.03_cwbalanced,0.405,0.6619,0.6074074074074074,0.7192982456140351,0.5256410256410257,0.8577571379428965
"SVM_C0.5_g0.03_cw{0: 1, 1: 2}",0.445,0.6917,0.6212121212121212,0.7192982456140351,0.5466666666666666,0.8608531131750946
"SVM_C0.5_g0.03_cw{0: 1, 1: 3}",0.42,0.6525,0.6382978723404256,0.7894736842105263,0.5357142857142857,0.8574561403508771
"SVM_C0.5_g0.1_cw{0: 1, 1: 1}",0.255,0.625,0.5987261146496815,0.8245614035087719,0.47,0.8396972824217406
SVM_C0.5_g0.1_cwbalanced,0.255,0.625,0.5987261146496815,0.8245614035087719,0.47,0.8396972824217406
"SVM_C0.5_g0.1_cw{0: 1, 1: 2}",0.37,0.6525,0.6131386861313869,0.7368421052631579,0.525,0.8554351565187479
"SVM_C0.5_g0.1_cw{0: 1, 1: 3}",0.475,0.6519,0.6153846153846154,0.7017543859649122,0.547945205479452,0.858015135878913
"SVM_C1.0_gscale_cw{0: 1, 1: 1}",0.28,0.6369,0.6274509803921569,0.8421052631578947,0.5,0.8475232198142414
SVM_C1.0_gscale_cwbalanced,0.28,0.6369,0.6274509803921569,0.8421052631578947,0.5,0.8475232198142414
"SVM_C1.0_gscale_cw{0: 1, 1: 2}",0.43,0.6567,0.6201550387596899,0.7017543859649122,0.5555555555555556,0.8572411420708634
"SVM_C1.0_gscale_cw{0: 1, 1: 3}",0.51,0.6562,0.6290322580645161,0.6842105263157895,0.582089552238806,0.8571551427588578
"SVM_C1.0_g0.01_cw{0: 1, 1: 1}",0.415,0.6761,0.6013986013986014,0.7543859649122807,0.5,0.8551771585827312
SVM_C1.0_g0.01_cwbalanced,0.415,0.6761,0.6013986013986014,0.7543859649122807,0.5,0.8551771585827312
"SVM_C1.0_g0.01_cw{0: 1, 1: 2}",0.445,0.6765,0.6376811594202898,0.7719298245614035,0.5432098765432098,0.8630030959752322
"SVM_C1.0_g0.01_cw{0: 1, 1: 3}",0.45,0.6525,0.6285714285714286,0.7719298245614035,0.5301204819277109,0.8636910904712761
"SVM_C1.0_g0.03_cw{0: 1, 1: 1}",0.355,0.6486,0.6433566433566433,0.8070175438596491,0.5348837209302325,0.8562951496388029
SVM_C1.0_g0.03_cwbalanced,0.355,0.6486,0.6433566433566433,0.8070175438596491,0.5348837209302325,0.8562951496388029
"SVM_C1.0_g0.03_cw{0: 1, 1: 2}",0.425,0.6866,0.6323529411764706,0.7543859649122807,0.5443037974683544,0.85749914000688
"SVM_C1.0_g0.03_cw{0: 1, 1: 3}",0.435,0.6475,0.6474820143884892,0.7894736842105263,0.5487804878048781,0.8546611627106983
"SVM_C1.0_g0.1_cw{0: 1, 1: 1}",0.485,0.605,0.5982905982905983,0.6140350877192983,0.5833333333333334,0.835655314757482
SVM_C1.0_g0.1_cwbalanced,0.485,0.605,0.5982905982905983,0.6140350877192983,0.5833333333333334,0.835655314757482
"SVM_C1.0_g0.1_cw{0: 1, 1: 2}",0.435,0.6364,0.6349206349206349,0.7017543859649122,0.5797101449275363,0.8655830753353974
"SVM_C1.0_g0.1_cw{0: 1, 1: 3}",0.495,0.6412,0.64,0.7017543859649122,0.5882352941176471,0.8630890952872378
"SVM_C2.0_gscale_cw{0: 1, 1: 1}",0.28,0.6211,0.6013071895424836,0.8070175438596491,0.4791666666666667,0.8389232886136911
SVM_C2.0_gscale_cwbalanced,0.28,0.6211,0.6013071895424836,0.8070175438596491,0.4791666666666667,0.8389232886136911
"SVM_C2.0_gscale_cw{0: 1, 1: 2}",0.42,0.6466,0.625,0.7017543859649122,0.5633802816901409,0.8630890952872378
"SVM_C2.0_gscale_cw{0: 1, 1: 3}",0.475,0.6423,0.6461538461538462,0.7368421052631579,0.5753424657534246,0.8618851049191607
"SVM_C2.0_g0.01_cw{0: 1, 1: 1}",0.41,0.6713,0.6153846153846154,0.7719298245614035,0.5116279069767442,0.8588321293429653
SVM_C2.0_g0.01_cwbalanced,0.41,0.6713,0.6153846153846154,0.7719298245614035,0.5116279069767442,0.8588321293429653
"SVM_C2.0_g0.01_cw{0: 1, 1: 2}",0.455,0.6716,0.6423357664233577,0.7719298245614035,0.55,0.8638630890952873
"SVM_C2.0_g0.01_cw{0: 1, 1: 3}",0.56,0.6446,0.628099173553719,0.6666666666666666,0.59375,0.859391124871001
"SVM_C2.0_g0.03_cw{0: 1, 1: 1}",0.34,0.6438,0.6338028169014085,0.7894736842105263,0.5294117647058824,0.8552631578947368
SVM_C2.0_g0.03_cwbalanced,0.34,0.6438,0.6338028169014085,0.7894736842105263,0.5294117647058824,0.8552631578947368
"SVM_C2.0_g0.03_cw{0: 1, 1: 2}",0.46,0.6615,0.6190476190476191,0.6842105263157895,0.5652173913043478,0.8551771585827314
"SVM_C2.0_g0.03_cw{0: 1, 1: 3}",0.45,0.6429,0.6714285714285714,0.8245614035087719,0.5662650602409639,0.8527691778465772
"SVM_C2.0_g0.1_cw{0: 1, 1: 1}",0.315,0.6164,0.589041095890411,0.7543859649122807,0.48314606741573035,0.8323873409012728
SVM_C2.0_g0.1_cwbalanced,0.315,0.6164,0.589041095890411,0.7543859649122807,0.48314606741573035,0.8323873409012728
"SVM_C2.0_g0.1_cw{0: 1, 1: 2}",0.535,0.6167,0.6271186440677966,0.6491228070175439,0.6065573770491803,0.8690230478156175
"SVM_C2.0_g0.1_cw{0: 1, 1: 3}",0.385,0.625,0.6268656716417911,0.7368421052631579,0.5454545454545454,0.8704850361197111
"SVM_C4.0_gscale_cw{0: 1, 1: 1}",0.38,0.6099,0.5815602836879432,0.7192982456140351,0.4880952380952381,0.8355693154454764
SVM_C4.0_gscale_cwbalanced,0.38,0.6099,0.5815602836879432,0.7192982456140351,0.4880952380952381,0.8355693154454764
"SVM_C4.0_gscale_cw{0: 1, 1: 2}",0.48,0.6406,0.6333333333333333,0.6666666666666666,0.6031746031746031,0.8677760577915377
"SVM_C4.0_gscale_cw{0: 1, 1: 3}",0.42,0.6164,0.6187050359712231,0.7543859649122807,0.524390243902439,0.8648090815273477
"SVM_C4.0_g0.01_cw{0: 1, 1: 1}",0.37,0.6803,0.6258503401360545,0.8070175438596491,0.5111111111111111,0.8613691090471277
SVM_C4.0_g0.01_cwbalanced,0.37,0.6803,0.6258503401360545,0.8070175438596491,0.5111111111111111,0.8613691090471277
"SVM_C4.0_g0.01_cw{0: 1, 1: 2}",0.435,0.6667,0.6330935251798561,0.7719298245614035,0.5365853658536586,0.8617131062951495
"SVM_C4.0_g0.01_cw{0: 1, 1: 3}",0.555,0.6393,0.628099173553719,0.6666666666666666,0.59375,0.8591331269349843
"SVM_C4.0_g0.03_cw{0: 1, 1: 1}",0.3,0.6282,0.6013071895424836,0.8070175438596491,0.4791666666666667,0.8445132438940489
SVM_C4.0_g0.03_cwbalanced,0.3,0.6282,0.6013071895424836,0.8070175438596491,0.4791666666666667,0.8445132438940489
"SVM_C4.0_g0.03_cw{0: 1, 1: 2}",0.53,0.6496,0.6218487394957983,0.6491228070175439,0.5967741935483871,0.85453216374269
"SVM_C4.0_g0.03_cw{0: 1, 1: 3}",0.565,0.6387,0.5982905982905983,0.6140350877192983,0.5833333333333334,0.848813209494324
"SVM_C4.0_g0.1_cw{0: 1, 1: 1}",0.305,0.5921,0.6027397260273972,0.7719298245614035,0.4943820224719101,0.837719298245614
SVM_C4.0_g0.1_cwbalanced,0.305,0.5921,0.6027397260273972,0.7719298245614035,0.4943820224719101,0.837719298245614
"SVM_C4.0_g0.1_cw{0: 1, 1: 2}",0.215,0.589,0.5766871165644172,0.8245614035087719,0.44339622641509435,0.8673890608875129
"SVM_C4.0_g0.1_cw{0: 1, 1: 3}",0.41,0.5985,0.6165413533834586,0.7192982456140351,0.5394736842105263,0.8651530787753697
"SVM_C8.0_gscale_cw{0: 1, 1: 1}",0.455,0.6061,0.5925925925925926,0.7017543859649122,0.5128205128205128,0.8360853113175095
SVM_C8.0_gscale_cwbalanced,0.455,0.6061,0.5925925925925926,0.7017543859649122,0.5128205128205128,0.8360853113175095
"SVM_C8.0_gscale_cw{0: 1, 1: 2}",0.57,0.605,0.603448275862069,0.6140350877192983,0.5932203389830508,0.8630890952872377
"SVM_C8.0_gscale_cw{0: 1, 1: 3}",0.36,0.5921,0.6308724832214765,0.8245614035087719,0.5108695652173914,0.8606811145510836
"SVM_C8.0_g0.01_cw{0: 1, 1: 1}",0.4,0.6713,0.6277372262773723,0.7543859649122807,0.5375,0.8624871001031992
SVM_C8.0_g0.01_cwbalanced,0.4,0.6713,0.6277372262773723,0.7543859649122807,0.5375,0.8624871001031992
"SVM_C8.0_g0.01_cw{0: 1, 1: 2}",0.41,0.6667,0.6423357664233577,0.7719298245614035,0.55,0.8625730994152047
"SVM_C8.0_g0.01_cw{0: 1, 1: 3}",0.395,0.6267,0.6442953020134228,0.8421052631578947,0.5217391304347826,0.8568111455108358
"SVM_C8.0_g0.03_cw{0: 1, 1: 1}",0.43,0.6143,0.5777777777777777,0.6842105263157895,0.5,0.8272273821809426
SVM_C8.0_g0.03_cwbalanced,0.43,0.6143,0.5777777777777777,0.6842105263157895,0.5,0.8272273821809426
"SVM_C8.0_g0.03_cw{0: 1, 1: 2}",0.475,0.619,0.64,0.7017543859649122,0.5882352941176471,0.8487702098383213
"SVM_C8.0_g0.03_cw{0: 1, 1: 3}",0.57,0.624,0.6324786324786325,0.6491228070175439,0.6166666666666667,0.8472222222222222
"SVM_C8.0_g0.1_cw{0: 1, 1: 1}",0.35,0.5957,0.6206896551724138,0.7894736842105263,0.5113636363636364,0.82593739250086
SVM_C8.0_g0.1_cwbalanced,0.35,0.5957,0.6206896551724138,0.7894736842105263,0.5113636363636364,0.82593739250086
"SVM_C8.0_g0.1_cw{0: 1, 1: 2}",0.44,0.5954,0.6119402985074627,0.7192982456140351,0.5324675324675324,0.8489422084623323
"SVM_C8.0_g0.1_cw{0: 1, 1: 3}",0.42,0.5926,0.6131386861313869,0.7368421052631579,0.525,0.8496732026143792
SVM+CatBoost_vote,0.195,,0.6301369863013698,0.8070175438596491,0.5168539325842697,0.8615411076711386
